TimeClockChangeId,LocationId,LocationExternalId,LastModifiedDate,LastModifiedByEmployeeId,LastModifiedByExternalEmployeeId,EmployeeId,EmployeeExternalId,TimeClockId,ClockType,ClockTimeBeforeChange,ClockLocationIdBeforeChange,ClockLocationBeforeChange,ClockWorkRoleIdBeforeChange,ClockWorkRoleBeforeChange,ClockSourceBeforeChange,ClockNoteBeforeChange,ClockTimeAfterChange,ClockLocationIdAfterChange,ClockLocationAfterChange,ClockWorkRoleIdAfterChange,ClockWorkRoleAfterChange,ClockSourceAfterChange,ClockNoteAfterChange,EventType
d234caf1-ae30-4605-a145-396a8a029be1,2d8290ef-2ae9-44d9-b112-a5ade235e456,62012,2025-03-31T14:13:26,Legion,,36337dc7-1080-4cb6-b967-ffd628f2b04c,732950,02705f61-f3f5-4b25-bcb4-62e9cccf649a,ShiftEnd,,,,,,,,2025-03-31T19:00:00,2d8290ef-2ae9-44d9-b112-a5ade235e456,62012,7f02bdf4-7381-44a3-b5ca-9b58b32305fc,crewHourly,AUTOMATIC_GENERATION,,Create
37050f04-19c8-4df8-a4dc-e573e7b84b09,2d8290ef-2ae9-44d9-b112-a5ade235e456,62012,2025-03-31T14:13:26,Legion,,ab3432fa-d171-4326-b8ec-b9be989bd456,734621,07dd9f2b-b75c-49ee-9733-5eb854b13d32,ShiftEnd,,,,,,,,2025-03-31T18:00:00,2d8290ef-2ae9-44d9-b112-a5ade235e456,62012,7f02bdf4-7381-44a3-b5ca-9b58b32305fc,crewHourly,AUTOMATIC_GENERATION,,Create
3b007435-a922-4165-a919-149182139530,2d8290ef-2ae9-44d9-b112-a5ade235e456,62012,2025-03-31T14:13:26,Legion,,ab3432fa-d171-4326-b8ec-b9be989bd456,734621,44677d4c-1dc7-479e-ba1f-fd7af2447210,ShiftBegin,,,,,,,,2025-03-31T10:00:00,2d8290ef-2ae9-44d9-b112-a5ade235e456,62012,7f02bdf4-7381-44a3-b5ca-9b58b32305fc,crewHourly,AUTOMATIC_GENERATION,,Create
23c877bc-6135-4b1b-8525-37418cbc7fab,2d8290ef-2ae9-44d9-b112-a5ade235e456,62012,2025-03-31T14:13:26,Legion,,36337dc7-1080-4cb6-b967-ffd628f2b04c,732950,45067523-ad59-4d58-b467-146776fe8e25,ShiftBegin,,,,,,,,2025-03-31T10:00:00,2d8290ef-2ae9-44d9-b112-a5ade235e456,62012,7f02bdf4-7381-44a3-b5ca-9b58b32305fc,crewHourly,AUTOMATIC_GENERATION,,Create
5beb9d56-9507-4652-af6b-48e3a10eea5f,62c9d7aa-41d3-4509-be7a-7196fa13c635,1434,2025-03-18T16:12:11,0130db5e-7ec9-4123-9740-0d81e9c9b75c,827160,176b64f1-bbf1-4b3e-b497-8e5de1b5d810,882511,0b5f4726-07a8-40eb-bacc-7037fd31a530,ShiftBegin,,,,,,,,2025-03-17T16:00:00,62c9d7aa-41d3-4509-be7a-7196fa13c635,1434,dea1be7d-d123-40ea-99b9-634fd714f6e3,management,CONSOLEUI,,Create
a8c02ad5-d5c4-45bb-b237-7026dce6eb5c,62c9d7aa-41d3-4509-be7a-7196fa13c635,1434,2025-03-18T16:12:11,0130db5e-7ec9-4123-9740-0d81e9c9b75c,827160,176b64f1-bbf1-4b3e-b497-8e5de1b5d810,882511,14101505-a289-4b34-8daf-e0aa4a96bf60,MealBreakBegin,,,,,,,,2025-03-17T19:00:00,62c9d7aa-41d3-4509-be7a-7196fa13c635,1434,dea1be7d-d123-40ea-99b9-634fd714f6e3,management,CONSOLEUI,,Create
56d97d07-f2b5-4cc5-8a04-c553c772d9e8,f681d4e1-2672-4955-82ac-176a90578d4f,1342,2025-03-19T20:22:47,0130db5e-7ec9-4123-9740-0d81e9c9b75c,827160,d35f69b4-551d-426d-a3d6-d47aa2ef8844,778241,15155449-3f65-4728-8ae2-5fbd2c81a9d2,ShiftBegin,,,,,,,,2025-03-19T17:00:00,f681d4e1-2672-4955-82ac-176a90578d4f,1342,43bb0d3c-8bf5-44e7-94c9-96dc49e2ec52,crew,CONSOLEUI,,Create
a7fa20a6-7710-423f-a54a-e94ff6dc85c7,62c9d7aa-41d3-4509-be7a-7196fa13c635,1434,2025-03-18T16:12:11,0130db5e-7ec9-4123-9740-0d81e9c9b75c,827160,176b64f1-bbf1-4b3e-b497-8e5de1b5d810,882511,75ce1b38-01fe-4289-872d-ddb16aaec014,MealBreakEnd,,,,,,,,2025-03-17T19:30:00,62c9d7aa-41d3-4509-be7a-7196fa13c635,1434,dea1be7d-d123-40ea-99b9-634fd714f6e3,management,CONSOLEUI,,Create
6aa10bad-7156-4bc3-a3e0-06d98afc9ed2,f681d4e1-2672-4955-82ac-176a90578d4f,1342,2025-03-18T16:13:33,0130db5e-7ec9-4123-9740-0d81e9c9b75c,827160,d35f69b4-551d-426d-a3d6-d47aa2ef8844,778241,7ae8b5ad-6949-40c4-892b-6ceaab022fe5,MealBreakBegin,,,,,,,,2025-03-17T19:00:00,f681d4e1-2672-4955-82ac-176a90578d4f,1342,43bb0d3c-8bf5-44e7-94c9-96dc49e2ec52,crew,CONSOLEUI,,Create
5793f38a-9aab-4b83-b403-9d6f46314819,f681d4e1-2672-4955-82ac-176a90578d4f,1342,2025-03-19T20:22:47,0130db5e-7ec9-4123-9740-0d81e9c9b75c,827160,d35f69b4-551d-426d-a3d6-d47aa2ef8844,778241,8c6ac4f2-bb96-40ac-bea4-eb3f8bcef2d5,ShiftEnd,,,,,,,,2025-03-19T21:30:00,f681d4e1-2672-4955-82ac-176a90578d4f,1342,43bb0d3c-8bf5-44e7-94c9-96dc49e2ec52,crew,CONSOLEUI,,Create
5e5f84a4-41c2-4f53-aca4-d2145c6c678e,f681d4e1-2672-4955-82ac-176a90578d4f,1342,2025-03-18T16:13:33,0130db5e-7ec9-4123-9740-0d81e9c9b75c,827160,d35f69b4-551d-426d-a3d6-d47aa2ef8844,778241,98ba5cd8-da3d-4c2c-b31f-a5a2824bc5fc,ShiftBegin,,,,,,,,2025-03-17T16:00:00,f681d4e1-2672-4955-82ac-176a90578d4f,1342,43bb0d3c-8bf5-44e7-94c9-96dc49e2ec52,crew,CONSOLEUI,,Create
0bec5fb1-6a80-4516-8156-7d11a9c5efa3,62c9d7aa-41d3-4509-be7a-7196fa13c635,1434,2025-03-18T16:12:11,0130db5e-7ec9-4123-9740-0d81e9c9b75c,827160,176b64f1-bbf1-4b3e-b497-8e5de1b5d810,882511,cf83a294-effc-4822-a49e-0606461c57e4,ShiftEnd,,,,,,,,2025-03-18T01:30:00,62c9d7aa-41d3-4509-be7a-7196fa13c635,1434,dea1be7d-d123-40ea-99b9-634fd714f6e3,management,CONSOLEUI,,Create
e2c07bdb-96e3-468a-bf2c-b4e2519c2d1b,f681d4e1-2672-4955-82ac-176a90578d4f,1342,2025-03-18T16:13:33,0130db5e-7ec9-4123-9740-0d81e9c9b75c,827160,d35f69b4-551d-426d-a3d6-d47aa2ef8844,778241,cff00bc8-2b66-4b58-9c17-cbb5ae24069e,ShiftEnd,,,,,,,,2025-03-17T23:00:00,f681d4e1-2672-4955-82ac-176a90578d4f,1342,43bb0d3c-8bf5-44e7-94c9-96dc49e2ec52,crew,CONSOLEUI,,Create
eb09caf1-4496-4f53-95bc-59f9213c92f4,f681d4e1-2672-4955-82ac-176a90578d4f,1342,2025-03-18T16:13:33,0130db5e-7ec9-4123-9740-0d81e9c9b75c,827160,d35f69b4-551d-426d-a3d6-d47aa2ef8844,778241,dda49eb6-36e1-43ac-bf27-8bc02033e5af,MealBreakEnd,,,,,,,,2025-03-17T19:30:00,f681d4e1-2672-4955-82ac-176a90578d4f,1342,43bb0d3c-8bf5-44e7-94c9-96dc49e2ec52,crew,CONSOLEUI,,Create
bd35dcac-6fb3-43c8-8fc8-948576afd4ae,0a232668-f43d-4249-b839-698828b8fbe6,1367,2025-03-21T15:40:24,af452da8-fe56-4ed2-b1e3-cb7598eaf97b,827593,2bdc07de-4a12-46f4-aa33-7a3ea15c2968,792963,f81da1dd-ca9b-4989-acdd-afda11249165,ShiftBegin,,,,,,,,2025-03-16T14:00:00,0a232668-f43d-4249-b839-698828b8fbe6,1367,43bb0d3c-8bf5-44e7-94c9-96dc49e2ec52,crew,CONSOLEUI,,Create
9e4edac7-6f09-4116-8052-94cf4150e0ec,fc747be2-aa75-4bcd-9e8e-38dd813dafc3,1375,2025-03-21T16:05:09,4c297ef9-1139-408a-8e86-5202097431bd,,7aa8ccfc-8478-44d4-8dde-6c8f9b0cb289,840376,0dce356a-392e-4440-b92e-931adf91d919,ShiftBegin,,,,,,,,2025-03-21T08:00:00,fc747be2-aa75-4bcd-9e8e-38dd813dafc3,1375,43bb0d3c-8bf5-44e7-94c9-96dc49e2ec52,crew,CONSOLEUI,,Create
48cbcb50-a2cd-4654-9c58-67d66e0faf73,fc747be2-aa75-4bcd-9e8e-38dd813dafc3,1375,2025-03-21T15:54:52,4c297ef9-1139-408a-8e86-5202097431bd,,9b1f6537-62d3-457f-aa84-7fd2d04fe484,842359,6a00c9ed-14d1-4beb-a533-af8bb7283355,ShiftBegin,,,,,,,,2025-03-21T10:00:00,fc747be2-aa75-4bcd-9e8e-38dd813dafc3,1375,43bb0d3c-8bf5-44e7-94c9-96dc49e2ec52,crew,CONSOLEUI,,Create
d7b8a39e-030e-4b45-9576-bbbfc4f4070d,fc747be2-aa75-4bcd-9e8e-38dd813dafc3,1375,2025-03-21T15:56:31,25aeec29-296c-45bf-b080-aff997c4563b,842359,9b1f6537-62d3-457f-aa84-7fd2d04fe484,842359,94a21943-ab74-4f09-994f-23ac67c21976,ShiftEnd,,,,,,,,2025-03-21T15:56:31,fc747be2-aa75-4bcd-9e8e-38dd813dafc3,1375,43bb0d3c-8bf5-44e7-94c9-96dc49e2ec52,crew,KIOSK,,Create
f424c093-9a93-43c8-bc0b-7a5181e53cce,fc747be2-aa75-4bcd-9e8e-38dd813dafc3,1375,2025-03-21T15:55:59,4c297ef9-1139-408a-8e86-5202097431bd,,9b1f6537-62d3-457f-aa84-7fd2d04fe484,842359,e8233cf0-b832-47a4-b5ac-b179d0c6cf7d,ShiftBegin,2025-03-21T10:00:00,fc747be2-aa75-4bcd-9e8e-38dd813dafc3,1375,43bb0d3c-8bf5-44e7-94c9-96dc49e2ec52,crew,CONSOLEUI,,2025-03-21T08:00:00,fc747be2-aa75-4bcd-9e8e-38dd813dafc3,1375,43bb0d3c-8bf5-44e7-94c9-96dc49e2ec52,crew,CONSOLEUI,,ApproveReject
a0e64988-e044-4b2c-9481-8a6ad1b6eefe,fc747be2-aa75-4bcd-9e8e-38dd813dafc3,1375,2025-03-21T16:06:01,ec94a81b-12eb-4109-9154-2ba78963c242,840376,7aa8ccfc-8478-44d4-8dde-6c8f9b0cb289,840376,fb85c85f-b6ba-48bb-ae15-52d616f5d70c,ShiftEnd,,,,,,,,2025-03-21T16:06:01,fc747be2-aa75-4bcd-9e8e-38dd813dafc3,1375,43bb0d3c-8bf5-44e7-94c9-96dc49e2ec52,crew,KIOSK,,Create
bc04f1d4-d89f-48b1-90d7-7a68054f92ca,fc747be2-aa75-4bcd-9e8e-38dd813dafc3,1375,2025-03-28T21:12:22,4c297ef9-1139-408a-8e86-5202097431bd,,9b196d95-8f0c-4648-a52a-707c3ed1b1f0,750821,0082bdb1-6737-41c5-a726-1ccdbfc36ee7,MealBreakBegin,,,,,,,,2025-03-28T19:00:00,fc747be2-aa75-4bcd-9e8e-38dd813dafc3,1375,43bb0d3c-8bf5-44e7-94c9-96dc49e2ec52,crew,CONSOLEUI,,Create
195f477f-c8ba-421d-9819-051bb56e3dae,fc747be2-aa75-4bcd-9e8e-38dd813dafc3,1375,2025-03-27T14:29:23,2afab07e-62a3-43ea-99ae-5fd619e212db,,36c44ddd-91e7-4a35-beac-d122e8ac713a,844229,0d1e0092-4edb-46da-ad6a-2e2615cfd38e,ShiftEnd,,,,,,,,2025-03-25T23:00:00,fc747be2-aa75-4bcd-9e8e-38dd813dafc3,1375,43bb0d3c-8bf5-44e7-94c9-96dc49e2ec52,crew,CONSOLEUI,,Create
2a7dd4d2-fc91-4020-a072-211af0c71a76,fc747be2-aa75-4bcd-9e8e-38dd813dafc3,1375,2025-03-24T21:08:41,4c297ef9-1139-408a-8e86-5202097431bd,,716d77db-3d6e-43e3-ae1e-0ca206132d71,834149,166ae91c-12cd-4033-a8b2-2a675160a62f,ShiftBegin,,,,,,,,2025-03-25T12:00:00,fc747be2-aa75-4bcd-9e8e-38dd813dafc3,1375,43bb0d3c-8bf5-44e7-94c9-96dc49e2ec52,crew,CONSOLEUI,,Create
2e206f53-763c-4d97-949f-afef92fb7f8f,fc747be2-aa75-4bcd-9e8e-38dd813dafc3,1375,2025-03-28T21:12:22,4c297ef9-1139-408a-8e86-5202097431bd,,9b196d95-8f0c-4648-a52a-707c3ed1b1f0,750821,28aebaa1-49e9-4510-b5f2-837b9c3a9c25,ShiftBegin,,,,,,,,2025-03-28T16:00:00,fc747be2-aa75-4bcd-9e8e-38dd813dafc3,1375,43bb0d3c-8bf5-44e7-94c9-96dc49e2ec52,crew,CONSOLEUI,,Create
0eda47d1-4a04-4f3c-8e2a-ab2f8ac0188b,fc747be2-aa75-4bcd-9e8e-38dd813dafc3,1375,2025-03-27T14:29:23,2afab07e-62a3-43ea-99ae-5fd619e212db,,36c44ddd-91e7-4a35-beac-d122e8ac713a,844229,2caee7d7-c545-4dd2-b0fb-bce20d5d3b62,ShiftBegin,,,,,,,,2025-03-25T15:00:00,fc747be2-aa75-4bcd-9e8e-38dd813dafc3,1375,43bb0d3c-8bf5-44e7-94c9-96dc49e2ec52,crew,CONSOLEUI,,Create
622e311e-425d-47e3-bf09-aab6e01e17f0,fc747be2-aa75-4bcd-9e8e-38dd813dafc3,1375,2025-03-24T13:58:00,95888c9c-5b73-4a53-aec8-8cae6c3bd232,857267,494f8573-48da-4e9c-8d00-78fdb8dce40e,857267,54ff5d86-4f69-4f5d-a7c4-da7b86957964,ShiftEnd,,,,,,,,2025-03-24T13:58:00,fc747be2-aa75-4bcd-9e8e-38dd813dafc3,1375,43bb0d3c-8bf5-44e7-94c9-96dc49e2ec52,crew,KIOSK,,Create
5b718e50-f21a-4484-a904-bda6fe3ae0dd,fc747be2-aa75-4bcd-9e8e-38dd813dafc3,1375,2025-03-27T14:24:58,2afab07e-62a3-43ea-99ae-5fd619e212db,,36c44ddd-91e7-4a35-beac-d122e8ac713a,844229,5a84c308-0959-466c-ad70-4e1b06e65c68,ShiftEnd,,,,,,,,2025-03-24T23:00:00,fc747be2-aa75-4bcd-9e8e-38dd813dafc3,1375,43bb0d3c-8bf5-44e7-94c9-96dc49e2ec52,crew,CONSOLEUI,,Create
f8e3ef7d-9bb1-4c27-b61b-849e9abcf471,fc747be2-aa75-4bcd-9e8e-38dd813dafc3,1375,2025-03-24T21:08:41,4c297ef9-1139-408a-8e86-5202097431bd,,716d77db-3d6e-43e3-ae1e-0ca206132d71,834149,5ce26e3f-7fb4-4e98-9249-108a820424ca,ShiftEnd,,,,,,,,2025-03-25T13:00:00,fc747be2-aa75-4bcd-9e8e-38dd813dafc3,1375,43bb0d3c-8bf5-44e7-94c9-96dc49e2ec52,crew,CONSOLEUI,,Create
dd32bc8b-8b5f-4df2-bd1e-5f0867dcc895,fc747be2-aa75-4bcd-9e8e-38dd813dafc3,1375,2025-03-27T14:26:52,2afab07e-62a3-43ea-99ae-5fd619e212db,,36c44ddd-91e7-4a35-beac-d122e8ac713a,844229,62bbcd99-ab14-4c47-8e59-af1e54efe6e2,ShiftEnd,,,,,,,,2025-03-23T23:30:00,fc747be2-aa75-4bcd-9e8e-38dd813dafc3,1375,43bb0d3c-8bf5-44e7-94c9-96dc49e2ec52,crew,CONSOLEUI,,Create
034105cb-8fba-423e-b19d-2a946c6c6ba6,fc747be2-aa75-4bcd-9e8e-38dd813dafc3,1375,2025-03-28T20:23:14,dc305c29-4329-454d-a297-9fb619b49853,844229,36c44ddd-91e7-4a35-beac-d122e8ac713a,844229,6f01fbc0-9867-43c2-b845-bf3242d4c5f8,ShiftBegin,,,,,,,,2025-03-28T20:23:14,fc747be2-aa75-4bcd-9e8e-38dd813dafc3,1375,43bb0d3c-8bf5-44e7-94c9-96dc49e2ec52,crew,TMMobile,,Create
3f216a0e-625d-463f-995a-d315c987f392,fc747be2-aa75-4bcd-9e8e-38dd813dafc3,1375,2025-03-28T21:12:22,4c297ef9-1139-408a-8e86-5202097431bd,,9b196d95-8f0c-4648-a52a-707c3ed1b1f0,750821,714e9f22-21cd-420a-834f-501118812ebb,MealBreakEnd,,,,,,,,2025-03-28T19:30:00,fc747be2-aa75-4bcd-9e8e-38dd813dafc3,1375,43bb0d3c-8bf5-44e7-94c9-96dc49e2ec52,crew,CONSOLEUI,,Create
139bb1d9-3b0c-4d54-92e7-3b665a31afea,fc747be2-aa75-4bcd-9e8e-38dd813dafc3,1375,2025-03-27T14:26:52,2afab07e-62a3-43ea-99ae-5fd619e212db,,36c44ddd-91e7-4a35-beac-d122e8ac713a,844229,798696c3-72ac-4b65-9792-00a12c462d39,ShiftBegin,,,,,,,,2025-03-23T15:00:00,fc747be2-aa75-4bcd-9e8e-38dd813dafc3,1375,43bb0d3c-8bf5-44e7-94c9-96dc49e2ec52,crew,CONSOLEUI,,Create
3be2e911-2cc5-4a0d-ac62-e07aefb73f3c,fc747be2-aa75-4bcd-9e8e-38dd813dafc3,1375,2025-03-24T13:29:00,43130e60-cb7d-4613-80f1-024dcf782061,816929,494f8573-48da-4e9c-8d00-78fdb8dce40e,857267,7ddbb793-1fe1-4ed5-8254-bde833b8b4f2,ShiftBegin,,,,,,,,2025-03-24T08:00:00,fc747be2-aa75-4bcd-9e8e-38dd813dafc3,1375,43bb0d3c-8bf5-44e7-94c9-96dc49e2ec52,crew,CONSOLEUI,,Create
aa95113a-eeb3-41b7-bfa4-e29a392a06e8,fc747be2-aa75-4bcd-9e8e-38dd813dafc3,1375,2025-03-28T21:12:22,4c297ef9-1139-408a-8e86-5202097431bd,,9b196d95-8f0c-4648-a52a-707c3ed1b1f0,750821,aef33a4f-b6bc-418b-897c-bd45931371c2,ShiftEnd,,,,,,,,2025-03-29T00:00:00,fc747be2-aa75-4bcd-9e8e-38dd813dafc3,1375,43bb0d3c-8bf5-44e7-94c9-96dc49e2ec52,crew,CONSOLEUI,,Create
26b576d2-695c-462b-83dc-0c564cf3e3d0,fc747be2-aa75-4bcd-9e8e-38dd813dafc3,1375,2025-03-27T14:24:58,2afab07e-62a3-43ea-99ae-5fd619e212db,,36c44ddd-91e7-4a35-beac-d122e8ac713a,844229,f5a8d5c8-13e0-4850-bdcd-b744c2a44aff,ShiftBegin,,,,,,,,2025-03-24T15:00:00,fc747be2-aa75-4bcd-9e8e-38dd813dafc3,1375,43bb0d3c-8bf5-44e7-94c9-96dc49e2ec52,crew,CONSOLEUI,,Create
3b4fea4f-9630-4045-8c9a-bdab0d0ae3f6,fc747be2-aa75-4bcd-9e8e-38dd813dafc3,1375,2025-03-27T14:27:18,2afab07e-62a3-43ea-99ae-5fd619e212db,,36c44ddd-91e7-4a35-beac-d122e8ac713a,844229,fb84ae3a-e976-45ae-b124-02f501712c9c,ShiftEnd,2025-03-23T23:30:00,fc747be2-aa75-4bcd-9e8e-38dd813dafc3,1375,43bb0d3c-8bf5-44e7-94c9-96dc49e2ec52,crew,CONSOLEUI,,2025-03-23T23:00:00,fc747be2-aa75-4bcd-9e8e-38dd813dafc3,1375,43bb0d3c-8bf5-44e7-94c9-96dc49e2ec52,crew,CONSOLEUI,,ApproveReject
db219d7c-5897-4729-bed6-3761b0998e1f,fc747be2-aa75-4bcd-9e8e-38dd813dafc3,1375,2025-03-27T14:28:07,2afab07e-62a3-43ea-99ae-5fd619e212db,,36c44ddd-91e7-4a35-beac-d122e8ac713a,844229,ff35f896-dad5-488f-9dc7-0422f1c08cb2,ShiftEnd,2025-03-23T23:00:00,fc747be2-aa75-4bcd-9e8e-38dd813dafc3,1375,43bb0d3c-8bf5-44e7-94c9-96dc49e2ec52,crew,CONSOLEUI,,2025-03-24T01:00:00,fc747be2-aa75-4bcd-9e8e-38dd813dafc3,1375,43bb0d3c-8bf5-44e7-94c9-96dc49e2ec52,crew,CONSOLEUI,,ApproveReject
a8a904b9-3412-4895-bfa9-c20096fd1104,53408a90-e0bb-4173-94c4-dc7d2e710abe,72016,2025-03-31T14:13:29,Legion,,e12cfb24-ef09-4c4a-93a8-75ed67f631fd,620970,10ff4334-d549-4812-9bc3-9e5695c8e17b,ShiftEnd,,,,,,,,2025-03-31T21:30:00,53408a90-e0bb-4173-94c4-dc7d2e710abe,72016,3a35b4d7-5b27-4551-8f9e-467132b23a9d,generalShipCrew,AUTOMATIC_GENERATION,,Create
99440c44-1d49-47b6-9d4c-3e220332ddfa,53408a90-e0bb-4173-94c4-dc7d2e710abe,72016,2025-03-31T14:13:29,Legion,,e12cfb24-ef09-4c4a-93a8-75ed67f631fd,620970,16f9a4ff-eef3-40b4-9900-a6bbb1dd7010,ShiftBegin,,,,,,,,2025-03-31T13:00:00,53408a90-e0bb-4173-94c4-dc7d2e710abe,72016,3a35b4d7-5b27-4551-8f9e-467132b23a9d,generalShipCrew,AUTOMATIC_GENERATION,,Create
03752c94-3078-46fc-85c3-8a7516e6dd85,2f9666a4-c5a1-4dc5-bba6-c062b5771ebd,72026,2025-03-20T14:59:08,77c7e79b-726c-4ccd-bf66-3a7acf763bbb,621089,de21d8a3-d559-4011-ae75-87c314d4a9df,861104,8af8d7d1-d3de-43f7-b198-c7e54048f09c,ShiftBegin,,,,,,,,2025-03-21T19:30:00,2f9666a4-c5a1-4dc5-bba6-c062b5771ebd,72026,3a35b4d7-5b27-4551-8f9e-467132b23a9d,generalShipCrew,CONSOLEUI,,Create
1034b8f6-de60-4ab0-8dd1-4ed63ab68bde,a5d0c94b-6550-4cde-ba40-a3c536757202,72056,2025-03-20T14:59:07,77c7e79b-726c-4ccd-bf66-3a7acf763bbb,621089,de21d8a3-d559-4011-ae75-87c314d4a9df,861104,c8cac37d-b9fb-48ca-af7e-74683c89a14b,ShiftBegin,,,,,,,,2025-03-21T13:00:00,a5d0c94b-6550-4cde-ba40-a3c536757202,72056,3a35b4d7-5b27-4551-8f9e-467132b23a9d,generalShipCrew,CONSOLEUI,,Create
7fe563aa-4b73-4be4-b524-cb9404e0e82d,a5d0c94b-6550-4cde-ba40-a3c536757202,72056,2025-03-20T14:59:07,77c7e79b-726c-4ccd-bf66-3a7acf763bbb,621089,de21d8a3-d559-4011-ae75-87c314d4a9df,861104,ddad7e50-a274-45ac-9a87-db8747ebe4d5,ShiftEnd,,,,,,,,2025-03-21T19:00:00,a5d0c94b-6550-4cde-ba40-a3c536757202,72056,3a35b4d7-5b27-4551-8f9e-467132b23a9d,generalShipCrew,CONSOLEUI,,Create
1978570a-8c3a-4e6b-bebb-0a352e5e02a6,2f9666a4-c5a1-4dc5-bba6-c062b5771ebd,72026,2025-03-20T14:59:07,77c7e79b-726c-4ccd-bf66-3a7acf763bbb,621089,de21d8a3-d559-4011-ae75-87c314d4a9df,861104,f188ef9b-f2aa-4705-8035-8d7e43219206,ShiftEnd,,,,,,,,2025-03-21T21:30:00,2f9666a4-c5a1-4dc5-bba6-c062b5771ebd,72026,3a35b4d7-5b27-4551-8f9e-467132b23a9d,generalShipCrew,CONSOLEUI,,Create
4fc433c1-ba9c-4f2c-b8d8-30de9eb73070,eae67fd4-9786-4409-96d0-d2f092f91b45,72025,2025-03-18T15:59:01,4c297ef9-1139-408a-8e86-5202097431bd,,8747c128-dbf3-4e57-b19d-612e679f2c63,701483,2389c491-fd2d-4d6c-9598-5f7c8204038f,ShiftBegin,,,,,,,,2025-03-16T14:00:00,eae67fd4-9786-4409-96d0-d2f092f91b45,72025,7f02bdf4-7381-44a3-b5ca-9b58b32305fc,crewHourly,CONSOLEUI,,Create
edbf0be5-a656-428f-b123-dba8493e3bce,eae67fd4-9786-4409-96d0-d2f092f91b45,72025,2025-03-18T15:59:02,4c297ef9-1139-408a-8e86-5202097431bd,,8747c128-dbf3-4e57-b19d-612e679f2c63,701483,4862de23-296b-456a-ba29-6519b642df78,ShiftEnd,,,,,,,,2025-03-17T22:00:00,eae67fd4-9786-4409-96d0-d2f092f91b45,72025,7f02bdf4-7381-44a3-b5ca-9b58b32305fc,crewHourly,CONSOLEUI,,Create
812bd210-125d-4e29-b29a-456935624f66,eae67fd4-9786-4409-96d0-d2f092f91b45,72025,2025-03-18T15:59:02,4c297ef9-1139-408a-8e86-5202097431bd,,8747c128-dbf3-4e57-b19d-612e679f2c63,701483,67b5e873-217c-4e8b-bc18-f0d80c609241,ShiftBegin,,,,,,,,2025-03-18T07:00:00,eae67fd4-9786-4409-96d0-d2f092f91b45,72025,7f02bdf4-7381-44a3-b5ca-9b58b32305fc,crewHourly,CONSOLEUI,,Create
1b7e0c8c-f3d6-4b6d-8fa4-c9e071217263,eae67fd4-9786-4409-96d0-d2f092f91b45,72025,2025-03-18T15:59:02,4c297ef9-1139-408a-8e86-5202097431bd,,8747c128-dbf3-4e57-b19d-612e679f2c63,701483,759bf26d-c2a0-48d8-a9fc-67dcd8881396,ShiftBegin,,,,,,,,2025-03-17T14:00:00,eae67fd4-9786-4409-96d0-d2f092f91b45,72025,7f02bdf4-7381-44a3-b5ca-9b58b32305fc,crewHourly,CONSOLEUI,,Create
115707e6-dcc0-409d-b8ac-866cce8048ae,eae67fd4-9786-4409-96d0-d2f092f91b45,72025,2025-03-18T15:59:02,4c297ef9-1139-408a-8e86-5202097431bd,,8747c128-dbf3-4e57-b19d-612e679f2c63,701483,b160d8a0-1df8-42ba-a985-8aba1ad502d2,ShiftEnd,,,,,,,,2025-03-18T14:00:00,eae67fd4-9786-4409-96d0-d2f092f91b45,72025,7f02bdf4-7381-44a3-b5ca-9b58b32305fc,crewHourly,CONSOLEUI,,Create
16614ccc-74c8-434a-b232-2300804b756b,eae67fd4-9786-4409-96d0-d2f092f91b45,72025,2025-03-18T15:59:01,4c297ef9-1139-408a-8e86-5202097431bd,,8747c128-dbf3-4e57-b19d-612e679f2c63,701483,ba592fd5-d532-4f11-8d10-03b248199070,ShiftEnd,,,,,,,,2025-03-16T22:00:00,eae67fd4-9786-4409-96d0-d2f092f91b45,72025,7f02bdf4-7381-44a3-b5ca-9b58b32305fc,crewHourly,CONSOLEUI,,Create
35b6f233-2e81-4b5b-92fa-92e5a4e74eab,901f4827-c8c0-46f4-9282-af09c4ef071d,705,2025-03-21T15:45:17,af452da8-fe56-4ed2-b1e3-cb7598eaf97b,827593,737e1bec-41c9-45c7-9ffe-d4f6eaf28bbb,787880,7dab7f4a-b365-4e96-958e-d390a2be037f,ShiftBegin,,,,,,,,2025-03-21T12:50:00,901f4827-c8c0-46f4-9282-af09c4ef071d,705,43bb0d3c-8bf5-44e7-94c9-96dc49e2ec52,crew,CONSOLEUI,,Create
786f7adf-41e4-493d-a6cc-eab3626e4b84,901f4827-c8c0-46f4-9282-af09c4ef071d,705,2025-03-21T15:45:17,af452da8-fe56-4ed2-b1e3-cb7598eaf97b,827593,737e1bec-41c9-45c7-9ffe-d4f6eaf28bbb,787880,8f7db911-96de-4b5d-971e-c3ff0122d7ac,ShiftEnd,,,,,,,,2025-03-21T22:03:00,901f4827-c8c0-46f4-9282-af09c4ef071d,705,43bb0d3c-8bf5-44e7-94c9-96dc49e2ec52,crew,CONSOLEUI,,Create
7cabcf82-af44-4224-9a6f-af7e19417b00,5ede59be-b7f8-4c16-89bf-256f2e051b74,99500_ET,2025-03-19T12:41:12,6b123c2b-4d88-4a46-b59c-29edb5b251ed,241634,b4273a17-80ce-43c1-9a61-cfb258af5266,702978,0e09a4e4-d295-4099-acb4-7d7c3c525e2e,ShiftEnd,,,,,,,,2025-03-18T21:00:00,5ede59be-b7f8-4c16-89bf-256f2e051b74,99500_ET,,,CONSOLEUI,,Create
c671bca3-14a4-473e-ab9e-cad16be620e3,5ede59be-b7f8-4c16-89bf-256f2e051b74,99500_ET,2025-03-19T12:41:13,6b123c2b-4d88-4a46-b59c-29edb5b251ed,241634,b4273a17-80ce-43c1-9a61-cfb258af5266,702978,123919b1-bc87-4c71-ae3c-f7e6ffa51d03,ShiftBegin,,,,,,,,2025-03-21T13:00:00,5ede59be-b7f8-4c16-89bf-256f2e051b74,99500_ET,,,CONSOLEUI,,Create
3d4689fd-a604-4fd2-9804-991a4a068ebc,5ede59be-b7f8-4c16-89bf-256f2e051b74,99500_ET,2025-03-19T12:41:13,6b123c2b-4d88-4a46-b59c-29edb5b251ed,241634,b4273a17-80ce-43c1-9a61-cfb258af5266,702978,2913918a-63c3-4611-b05d-a076c7b81ee7,ShiftEnd,,,,,,,,2025-03-21T21:00:00,5ede59be-b7f8-4c16-89bf-256f2e051b74,99500_ET,,,CONSOLEUI,,Create
9e98098a-0742-43f8-8562-3991170cdbe5,5ede59be-b7f8-4c16-89bf-256f2e051b74,99500_ET,2025-03-19T12:41:12,6b123c2b-4d88-4a46-b59c-29edb5b251ed,241634,b4273a17-80ce-43c1-9a61-cfb258af5266,702978,391caaed-f1bb-4c2c-a748-bc44df5cbb2d,ShiftEnd,,,,,,,,2025-03-17T21:00:00,5ede59be-b7f8-4c16-89bf-256f2e051b74,99500_ET,,,CONSOLEUI,,Create
f9c8fd88-308e-445b-a4df-21a6b1950c7d,5ede59be-b7f8-4c16-89bf-256f2e051b74,99500_ET,2025-03-19T12:41:13,6b123c2b-4d88-4a46-b59c-29edb5b251ed,241634,b4273a17-80ce-43c1-9a61-cfb258af5266,702978,6d706b20-9573-4bcc-ad79-38fd9eb97102,ShiftEnd,,,,,,,,2025-03-19T21:00:00,5ede59be-b7f8-4c16-89bf-256f2e051b74,99500_ET,,,CONSOLEUI,,Create
f77b7e04-fe61-4feb-8859-e1460ef95713,5ede59be-b7f8-4c16-89bf-256f2e051b74,99500_ET,2025-03-19T12:41:13,6b123c2b-4d88-4a46-b59c-29edb5b251ed,241634,b4273a17-80ce-43c1-9a61-cfb258af5266,702978,81524ee8-3048-42e2-bc7d-efccc13fd445,ShiftEnd,,,,,,,,2025-03-20T21:00:00,5ede59be-b7f8-4c16-89bf-256f2e051b74,99500_ET,,,CONSOLEUI,,Create
7ae1eab8-55ea-4c7c-8481-d44fe5368e79,5ede59be-b7f8-4c16-89bf-256f2e051b74,99500_ET,2025-03-19T12:41:12,6b123c2b-4d88-4a46-b59c-29edb5b251ed,241634,b4273a17-80ce-43c1-9a61-cfb258af5266,702978,95b1d471-e123-4969-bd8b-364859163c0b,ShiftBegin,,,,,,,,2025-03-17T13:00:00,5ede59be-b7f8-4c16-89bf-256f2e051b74,99500_ET,,,CONSOLEUI,,Create
8a241f2d-e030-4c99-86bb-57173aa901e7,5ede59be-b7f8-4c16-89bf-256f2e051b74,99500_ET,2025-03-19T12:41:13,6b123c2b-4d88-4a46-b59c-29edb5b251ed,241634,b4273a17-80ce-43c1-9a61-cfb258af5266,702978,a216865e-0245-449e-9c61-833054904bcc,ShiftBegin,,,,,,,,2025-03-20T13:00:00,5ede59be-b7f8-4c16-89bf-256f2e051b74,99500_ET,,,CONSOLEUI,,Create
6af99146-7ec8-4dbc-9b5b-93fb8df0a307,5ede59be-b7f8-4c16-89bf-256f2e051b74,99500_ET,2025-03-19T12:41:13,6b123c2b-4d88-4a46-b59c-29edb5b251ed,241634,b4273a17-80ce-43c1-9a61-cfb258af5266,702978,e64a6552-f3e6-4668-803a-cc6dabbce4d7,ShiftBegin,,,,,,,,2025-03-19T13:00:00,5ede59be-b7f8-4c16-89bf-256f2e051b74,99500_ET,,,CONSOLEUI,,Create
55364fdf-2bf0-4d65-9988-0acf3a508190,5ede59be-b7f8-4c16-89bf-256f2e051b74,99500_ET,2025-03-19T12:41:12,6b123c2b-4d88-4a46-b59c-29edb5b251ed,241634,b4273a17-80ce-43c1-9a61-cfb258af5266,702978,f020ea54-f381-4f2d-83cc-191ba1e5b4f6,ShiftBegin,,,,,,,,2025-03-18T13:00:00,5ede59be-b7f8-4c16-89bf-256f2e051b74,99500_ET,,,CONSOLEUI,,Create
981eb60e-774e-407a-988f-ab18a28d5c86,f8662fc9-3d06-4dcd-b19a-af4b89bdb609,525,2025-03-27T16:50:32,0130db5e-7ec9-4123-9740-0d81e9c9b75c,827160,6f204541-cb67-413a-a447-fe4e9a53c3da,835967,0470df4f-ac51-44ad-a96f-165beb072532,ShiftBegin,,,,,,,,2025-03-25T12:00:00,f8662fc9-3d06-4dcd-b19a-af4b89bdb609,525,43bb0d3c-8bf5-44e7-94c9-96dc49e2ec52,crew,CONSOLEUI,,Create
71951a1b-d7c0-4e94-93c1-ae5b30e66893,f8662fc9-3d06-4dcd-b19a-af4b89bdb609,525,2025-03-27T16:51:49,0130db5e-7ec9-4123-9740-0d81e9c9b75c,827160,6f204541-cb67-413a-a447-fe4e9a53c3da,835967,28019556-045b-4028-9691-931e1de7e56e,ShiftEnd,,,,,,,,2025-03-26T16:00:00,f8662fc9-3d06-4dcd-b19a-af4b89bdb609,525,43bb0d3c-8bf5-44e7-94c9-96dc49e2ec52,crew,CONSOLEUI,,Create
c5b22f3e-e22d-485f-a566-27db091043c4,f8662fc9-3d06-4dcd-b19a-af4b89bdb609,525,2025-03-27T16:51:49,0130db5e-7ec9-4123-9740-0d81e9c9b75c,827160,6f204541-cb67-413a-a447-fe4e9a53c3da,835967,28587c00-fa85-4c93-a19d-4eaa9d88b0ef,ShiftBegin,,,,,,,,2025-03-26T12:00:00,f8662fc9-3d06-4dcd-b19a-af4b89bdb609,525,43bb0d3c-8bf5-44e7-94c9-96dc49e2ec52,crew,CONSOLEUI,,Create
82028cc6-1258-40ed-9f53-40629ee24abf,f8662fc9-3d06-4dcd-b19a-af4b89bdb609,525,2025-03-27T16:50:32,0130db5e-7ec9-4123-9740-0d81e9c9b75c,827160,6f204541-cb67-413a-a447-fe4e9a53c3da,835967,93027cea-6fd5-45f4-9310-815b1dc2632a,MealBreakEnd,,,,,,,,2025-03-25T15:00:00,f8662fc9-3d06-4dcd-b19a-af4b89bdb609,525,43bb0d3c-8bf5-44e7-94c9-96dc49e2ec52,crew,CONSOLEUI,,Create
f667c7e7-2530-4438-9147-5c045a170d82,f8662fc9-3d06-4dcd-b19a-af4b89bdb609,525,2025-03-27T16:50:32,0130db5e-7ec9-4123-9740-0d81e9c9b75c,827160,6f204541-cb67-413a-a447-fe4e9a53c3da,835967,976940ce-5f9d-431f-9160-f7a6c05c6a04,MealBreakBegin,,,,,,,,2025-03-25T14:30:00,f8662fc9-3d06-4dcd-b19a-af4b89bdb609,525,43bb0d3c-8bf5-44e7-94c9-96dc49e2ec52,crew,CONSOLEUI,,Create
26383f42-f8b3-4842-ad3b-e25f128e4df1,f8662fc9-3d06-4dcd-b19a-af4b89bdb609,525,2025-03-27T16:51:22,0130db5e-7ec9-4123-9740-0d81e9c9b75c,827160,6f204541-cb67-413a-a447-fe4e9a53c3da,835967,a420ef2e-92bf-451b-9e08-2f2e46ed27e8,ShiftBegin,,,,,,,,2025-03-24T12:00:00,f8662fc9-3d06-4dcd-b19a-af4b89bdb609,525,43bb0d3c-8bf5-44e7-94c9-96dc49e2ec52,crew,CONSOLEUI,,Create
a8a1115f-60ff-4593-9ae7-b9bdb1f3dc31,f8662fc9-3d06-4dcd-b19a-af4b89bdb609,525,2025-03-27T16:50:32,0130db5e-7ec9-4123-9740-0d81e9c9b75c,827160,6f204541-cb67-413a-a447-fe4e9a53c3da,835967,bbe69c8c-7e5d-4777-a0fc-1f83cdf6292a,ShiftEnd,,,,,,,,2025-03-25T18:00:00,f8662fc9-3d06-4dcd-b19a-af4b89bdb609,525,43bb0d3c-8bf5-44e7-94c9-96dc49e2ec52,crew,CONSOLEUI,,Create
e7e0aa92-2b08-4432-826d-ea9eea14b3dd,f8662fc9-3d06-4dcd-b19a-af4b89bdb609,525,2025-03-27T16:51:22,0130db5e-7ec9-4123-9740-0d81e9c9b75c,827160,6f204541-cb67-413a-a447-fe4e9a53c3da,835967,f2580762-9736-466a-8b63-4f7774f2c2d2,ShiftEnd,,,,,,,,2025-03-24T16:00:00,f8662fc9-3d06-4dcd-b19a-af4b89bdb609,525,43bb0d3c-8bf5-44e7-94c9-96dc49e2ec52,crew,CONSOLEUI,,Create
c6a4afb4-d6e0-4273-b1dd-e45c8359f870,7dd9e326-0132-4a9f-b2e8-289469b46191,8168,2025-03-24T12:38:08,2afab07e-62a3-43ea-99ae-5fd619e212db,,ffe771e1-6f45-4435-835a-722b2a5fae21,785713,92c3c5b8-95b9-4e98-86d5-4f05b4cb8932,ShiftBegin,,,,,,,,2025-03-22T13:00:00,7dd9e326-0132-4a9f-b2e8-289469b46191,8168,43bb0d3c-8bf5-44e7-94c9-96dc49e2ec52,crew,CONSOLEUI,,Create
9abda47a-2e52-4546-b3df-d17fec994aa0,7dd9e326-0132-4a9f-b2e8-289469b46191,8168,2025-03-24T12:38:08,2afab07e-62a3-43ea-99ae-5fd619e212db,,ffe771e1-6f45-4435-835a-722b2a5fae21,785713,ddacb289-3afd-449b-95e5-f6d84f62074e,ShiftEnd,,,,,,,,2025-03-22T21:00:00,7dd9e326-0132-4a9f-b2e8-289469b46191,8168,43bb0d3c-8bf5-44e7-94c9-96dc49e2ec52,crew,CONSOLEUI,,Create
99b0c3f9-0d15-4495-8d9e-790f9675485a,7dd9e326-0132-4a9f-b2e8-289469b46191,8168,2025-03-24T12:22:24,2afab07e-62a3-43ea-99ae-5fd619e212db,,a46315c4-b84c-45c0-809a-5e3dc16e23f1,782644,32895b1e-bb07-4e94-ae7f-dc53d926a990,ShiftBegin,,,,,,,,2025-03-24T16:00:00,7dd9e326-0132-4a9f-b2e8-289469b46191,8168,dea1be7d-d123-40ea-99b9-634fd714f6e3,management,CONSOLEUI,,Create
47249eb0-15aa-4d3a-9bce-7ba377846b13,7dd9e326-0132-4a9f-b2e8-289469b46191,8168,2025-03-24T12:18:54,2afab07e-62a3-43ea-99ae-5fd619e212db,,ffe771e1-6f45-4435-835a-722b2a5fae21,785713,53e2198e-662d-498f-b7da-3e8bea5d09e6,ShiftEnd,,,,,,,,2025-03-23T19:30:00,7dd9e326-0132-4a9f-b2e8-289469b46191,8168,43bb0d3c-8bf5-44e7-94c9-96dc49e2ec52,crew,CONSOLEUI,,Create
653a8506-add2-412e-b8cd-42a78b1f1844,7dd9e326-0132-4a9f-b2e8-289469b46191,8168,2025-03-24T12:21:39,2afab07e-62a3-43ea-99ae-5fd619e212db,,ffe771e1-6f45-4435-835a-722b2a5fae21,785713,5a5a70a1-0a94-4043-9e4c-2714e48e92c7,ShiftEnd,,,,,,,,2025-03-24T20:00:00,7dd9e326-0132-4a9f-b2e8-289469b46191,8168,43bb0d3c-8bf5-44e7-94c9-96dc49e2ec52,crew,CONSOLEUI,,Create
b800e80c-b8a6-4bc7-afe5-571e3b80acfa,7dd9e326-0132-4a9f-b2e8-289469b46191,8168,2025-03-24T12:18:54,2afab07e-62a3-43ea-99ae-5fd619e212db,,ffe771e1-6f45-4435-835a-722b2a5fae21,785713,743f5ae5-7dcf-4c47-b1a4-e6299ea0ff3f,ShiftBegin,,,,,,,,2025-03-23T14:00:00,7dd9e326-0132-4a9f-b2e8-289469b46191,8168,43bb0d3c-8bf5-44e7-94c9-96dc49e2ec52,crew,CONSOLEUI,,Create
9e4aaf80-c533-4567-9ce2-4d43a0ffdf7a,7dd9e326-0132-4a9f-b2e8-289469b46191,8168,2025-03-24T12:21:39,2afab07e-62a3-43ea-99ae-5fd619e212db,,ffe771e1-6f45-4435-835a-722b2a5fae21,785713,84a130f1-3519-4b3a-81a7-f4f4f7b677ff,ShiftBegin,,,,,,,,2025-03-24T13:00:00,7dd9e326-0132-4a9f-b2e8-289469b46191,8168,43bb0d3c-8bf5-44e7-94c9-96dc49e2ec52,crew,CONSOLEUI,,Create
8a257292-94c3-471c-accf-f6e2c3a11d61,7dd9e326-0132-4a9f-b2e8-289469b46191,8168,2025-03-24T12:22:53,2afab07e-62a3-43ea-99ae-5fd619e212db,,a46315c4-b84c-45c0-809a-5e3dc16e23f1,782644,86697ef3-23c4-4435-9bf9-322ae9075be5,ShiftBegin,,,,,,,,2025-03-23T16:00:00,7dd9e326-0132-4a9f-b2e8-289469b46191,8168,dea1be7d-d123-40ea-99b9-634fd714f6e3,management,CONSOLEUI,,Create
a267201c-04f9-4c53-81bd-5050cc150fc8,7dd9e326-0132-4a9f-b2e8-289469b46191,8168,2025-03-24T12:22:24,2afab07e-62a3-43ea-99ae-5fd619e212db,,a46315c4-b84c-45c0-809a-5e3dc16e23f1,782644,976bd8e9-5763-4348-a24e-aea0c815cd7b,ShiftEnd,,,,,,,,2025-03-25T00:00:00,7dd9e326-0132-4a9f-b2e8-289469b46191,8168,dea1be7d-d123-40ea-99b9-634fd714f6e3,management,CONSOLEUI,,Create
f8ddd104-8197-4e6d-ab37-f3c9ed0e951e,7dd9e326-0132-4a9f-b2e8-289469b46191,8168,2025-03-24T12:22:53,2afab07e-62a3-43ea-99ae-5fd619e212db,,a46315c4-b84c-45c0-809a-5e3dc16e23f1,782644,d0b33e06-47b4-4fae-9718-c8e27fee9e11,ShiftEnd,,,,,,,,2025-03-23T23:00:00,7dd9e326-0132-4a9f-b2e8-289469b46191,8168,dea1be7d-d123-40ea-99b9-634fd714f6e3,management,CONSOLEUI,,Create
7aa676a8-3210-441d-96b4-b032a93ea69a,6ad5de76-81cf-46b2-a135-1d9f46bf72b8,71000_ET,2025-03-14T20:58:30,4c297ef9-1139-408a-8e86-5202097431bd,,2c49cd46-c22e-44ba-a1ef-118ff002ade0,765275,640aaa3b-e043-4150-bd15-5ce38f2bc522,ShiftBegin,,,,,,,,2025-03-18T12:00:00,6ad5de76-81cf-46b2-a135-1d9f46bf72b8,71000_ET,,,CONSOLEUI,,Create
ab435f19-7a00-450d-94d8-432c0c88a045,6ad5de76-81cf-46b2-a135-1d9f46bf72b8,71000_ET,2025-03-14T20:58:30,4c297ef9-1139-408a-8e86-5202097431bd,,2c49cd46-c22e-44ba-a1ef-118ff002ade0,765275,f7bf2469-ba1c-4277-8a8f-dfcd94b559d2,ShiftEnd,,,,,,,,2025-03-18T20:00:00,6ad5de76-81cf-46b2-a135-1d9f46bf72b8,71000_ET,,,CONSOLEUI,,Create
600604f0-7bc3-495c-bae5-c0cad8075394,d3b7829d-e29e-4c42-ad8c-325e23f25bb5,99200_ET,2025-03-27T16:50:21,af452da8-fe56-4ed2-b1e3-cb7598eaf97b,827593,2c49cd46-c22e-44ba-a1ef-118ff002ade0,765275,6443adbc-5731-4560-ba62-346489ac1d9b,ShiftBegin,,,,,,,,2025-03-28T09:00:00,d3b7829d-e29e-4c42-ad8c-325e23f25bb5,99200_ET,,,CONSOLEUI,,Create
92c382bc-a9bc-4f10-bcfa-82d247c3cc79,d3b7829d-e29e-4c42-ad8c-325e23f25bb5,99200_ET,2025-03-27T16:50:38,af452da8-fe56-4ed2-b1e3-cb7598eaf97b,827593,2c49cd46-c22e-44ba-a1ef-118ff002ade0,765275,6443adbc-5731-4560-ba62-346489ac1d9b,ShiftBegin,2025-03-28T09:00:00,d3b7829d-e29e-4c42-ad8c-325e23f25bb5,99200_ET,,,CONSOLEUI,,,,,,,,,Delete
d7513b74-d5c2-4246-b3ef-56b4476c3eb8,d3b7829d-e29e-4c42-ad8c-325e23f25bb5,99200_ET,2025-03-27T16:50:21,af452da8-fe56-4ed2-b1e3-cb7598eaf97b,827593,2c49cd46-c22e-44ba-a1ef-118ff002ade0,765275,eecc3149-5691-47a8-bc94-bde9b3407604,ShiftEnd,,,,,,,,2025-03-28T22:00:00,d3b7829d-e29e-4c42-ad8c-325e23f25bb5,99200_ET,,,CONSOLEUI,,Create
9dc4d67c-817d-4746-a233-2eb7c026c89e,d3b7829d-e29e-4c42-ad8c-325e23f25bb5,99200_ET,2025-03-27T16:50:38,af452da8-fe56-4ed2-b1e3-cb7598eaf97b,827593,2c49cd46-c22e-44ba-a1ef-118ff002ade0,765275,eecc3149-5691-47a8-bc94-bde9b3407604,ShiftEnd,2025-03-28T22:00:00,d3b7829d-e29e-4c42-ad8c-325e23f25bb5,99200_ET,,,CONSOLEUI,,,,,,,,,Delete
14bd46b1-c33c-4b6e-bbc9-8617f5ba1aa3,d3b7829d-e29e-4c42-ad8c-325e23f25bb5,99200_ET,2025-03-13T14:07:39,af452da8-fe56-4ed2-b1e3-cb7598eaf97b,827593,2c49cd46-c22e-44ba-a1ef-118ff002ade0,765275,5bb8a742-d1ea-43a5-8782-5428de010192,ShiftBegin,,,,,,,,2025-03-30T12:00:00,d3b7829d-e29e-4c42-ad8c-325e23f25bb5,99200_ET,,,CONSOLEUI,,Create
e35ac862-7d16-485f-b84a-7b443a08f728,d3b7829d-e29e-4c42-ad8c-325e23f25bb5,99200_ET,2025-03-13T14:07:39,af452da8-fe56-4ed2-b1e3-cb7598eaf97b,827593,2c49cd46-c22e-44ba-a1ef-118ff002ade0,765275,a4a8dc7f-2e6a-4b56-ac81-32235a0abe6b,ShiftEnd,,,,,,,,2025-03-30T20:00:00,d3b7829d-e29e-4c42-ad8c-325e23f25bb5,99200_ET,,,CONSOLEUI,,Create
7c28eb25-c229-478d-8531-8e89e482a678,d33b3172-5b13-4372-86d2-6c4c55b7706e,72013,2025-03-31T14:13:27,Legion,,62f57edb-9eed-4784-832d-100e70508d92,516090,15b5e92e-8a5b-41ba-9d07-6651a4d6afd0,MealBreakEnd,,,,,,,,2025-03-31T15:30:00,d33b3172-5b13-4372-86d2-6c4c55b7706e,72013,7f02bdf4-7381-44a3-b5ca-9b58b32305fc,crewHourly,AUTOMATIC_GENERATION,,Create
6fe8736e-95f9-4ef5-ad00-9d99863954b4,d33b3172-5b13-4372-86d2-6c4c55b7706e,72013,2025-03-31T14:13:27,Legion,,62f57edb-9eed-4784-832d-100e70508d92,516090,173f6c7e-439f-4ba0-81b2-a9ab53c9a26b,ShiftEnd,,,,,,,,2025-03-31T18:00:00,d33b3172-5b13-4372-86d2-6c4c55b7706e,72013,7f02bdf4-7381-44a3-b5ca-9b58b32305fc,crewHourly,AUTOMATIC_GENERATION,,Create
8a4e3d32-2723-42a0-910f-d0470369f612,d33b3172-5b13-4372-86d2-6c4c55b7706e,72013,2025-03-31T14:13:27,Legion,,97698671-660c-40de-94f7-4e45e46157ee,732489,1c5b8a8c-1c4e-439c-bb87-5b166c6374e0,MealBreakBegin,,,,,,,,2025-03-31T15:00:00,d33b3172-5b13-4372-86d2-6c4c55b7706e,72013,7f02bdf4-7381-44a3-b5ca-9b58b32305fc,crewHourly,AUTOMATIC_GENERATION,,Create
f6305c5c-bdfa-4e2c-b364-b29eb62551aa,d33b3172-5b13-4372-86d2-6c4c55b7706e,72013,2025-03-31T14:13:27,Legion,,97698671-660c-40de-94f7-4e45e46157ee,732489,5e59220d-7889-43ba-a5f4-c3a8e0bf5b17,ShiftEnd,,,,,,,,2025-03-31T19:00:00,d33b3172-5b13-4372-86d2-6c4c55b7706e,72013,7f02bdf4-7381-44a3-b5ca-9b58b32305fc,crewHourly,AUTOMATIC_GENERATION,,Create
999596e9-bc23-4d08-a4bc-0d019cedf357,d33b3172-5b13-4372-86d2-6c4c55b7706e,72013,2025-03-31T14:13:27,Legion,,97698671-660c-40de-94f7-4e45e46157ee,732489,92c6d657-4a3f-44ab-aff1-27958dda9492,MealBreakEnd,,,,,,,,2025-03-31T15:30:00,d33b3172-5b13-4372-86d2-6c4c55b7706e,72013,7f02bdf4-7381-44a3-b5ca-9b58b32305fc,crewHourly,AUTOMATIC_GENERATION,,Create
4f3e3f43-7894-45f5-b0ae-ea23a52cb7c7,d33b3172-5b13-4372-86d2-6c4c55b7706e,72013,2025-03-31T14:13:27,Legion,,62f57edb-9eed-4784-832d-100e70508d92,516090,94360816-0b1c-4b06-b699-f94de6193d21,ShiftBegin,,,,,,,,2025-03-31T10:00:00,d33b3172-5b13-4372-86d2-6c4c55b7706e,72013,7f02bdf4-7381-44a3-b5ca-9b58b32305fc,crewHourly,AUTOMATIC_GENERATION,,Create
13830cc4-db9a-4c38-a05b-4fc4555e906f,d33b3172-5b13-4372-86d2-6c4c55b7706e,72013,2025-03-31T14:13:27,Legion,,97698671-660c-40de-94f7-4e45e46157ee,732489,a0cd1419-6280-4ed3-977a-1d5c6e3abbdd,ShiftBegin,,,,,,,,2025-03-31T10:00:00,d33b3172-5b13-4372-86d2-6c4c55b7706e,72013,7f02bdf4-7381-44a3-b5ca-9b58b32305fc,crewHourly,AUTOMATIC_GENERATION,,Create
96d7a5d9-72ab-48a8-a22d-13dad3c9d86c,d33b3172-5b13-4372-86d2-6c4c55b7706e,72013,2025-03-31T14:13:27,Legion,,62f57edb-9eed-4784-832d-100e70508d92,516090,fa114ab1-7bbd-4ad2-8191-deff72be2210,MealBreakBegin,,,,,,,,2025-03-31T15:00:00,d33b3172-5b13-4372-86d2-6c4c55b7706e,72013,7f02bdf4-7381-44a3-b5ca-9b58b32305fc,crewHourly,AUTOMATIC_GENERATION,,Create
d8f37910-c788-4126-838e-7e28888a52b0,24df1267-6b43-4337-8cd6-4286ca2b4df6,136,2025-03-17T16:06:17,3c731efd-9063-413c-8ecd-76e0c60e2178,248010,8bae5302-30d1-49ec-975f-169bb28e3efa,248010,262c4e61-2ba5-4d1d-8e8d-0cd7bb13df25,ShiftEnd,,,,,,,,2025-03-17T16:06:17,24df1267-6b43-4337-8cd6-4286ca2b4df6,136,43bb0d3c-8bf5-44e7-94c9-96dc49e2ec52,crew,KIOSK,,Create
90160ba7-291b-4bb8-869b-705638581d59,24df1267-6b43-4337-8cd6-4286ca2b4df6,136,2025-03-17T16:04:39,3c731efd-9063-413c-8ecd-76e0c60e2178,248010,8bae5302-30d1-49ec-975f-169bb28e3efa,248010,29357a33-76e9-4fce-bb86-b2b6368295d7,ShiftBegin,,,,,,,,2025-03-17T16:04:39,24df1267-6b43-4337-8cd6-4286ca2b4df6,136,43bb0d3c-8bf5-44e7-94c9-96dc49e2ec52,crew,KIOSK,,Create
ca150bc8-f559-41f9-97ea-14f37066282f,24df1267-6b43-4337-8cd6-4286ca2b4df6,136,2025-03-17T16:05:37,3c731efd-9063-413c-8ecd-76e0c60e2178,248010,8bae5302-30d1-49ec-975f-169bb28e3efa,248010,481b8374-6ab5-4863-9e20-943ec44beed8,MealBreakEnd,,,,,,,,2025-03-17T16:05:37,24df1267-6b43-4337-8cd6-4286ca2b4df6,136,43bb0d3c-8bf5-44e7-94c9-96dc49e2ec52,crew,KIOSK,,Create
3e7a6b8a-80c1-4a62-b54b-5239f27a7c7b,24df1267-6b43-4337-8cd6-4286ca2b4df6,136,2025-03-17T16:05:16,3c731efd-9063-413c-8ecd-76e0c60e2178,248010,8bae5302-30d1-49ec-975f-169bb28e3efa,248010,69973495-9bbd-4ea6-8561-b6b8e091f612,MealBreakBegin,,,,,,,,2025-03-17T16:05:16,24df1267-6b43-4337-8cd6-4286ca2b4df6,136,43bb0d3c-8bf5-44e7-94c9-96dc49e2ec52,crew,KIOSK,,Create
24bb5cb3-aac9-4564-a58f-d534ac9ac5d2,74f52948-fd4e-4bd5-b731-6a9fdf0618ed,75000_ET,2025-03-25T19:44:36,21613047-d48c-4549-9e0a-505a926d091e,116578,570cf829-9894-437d-b1b7-fa47d13935a8,726962,06cd3f1c-ca25-4e07-8a75-b7a84d8bdd31,ShiftBegin,,,,,,,,2025-03-24T13:00:00,74f52948-fd4e-4bd5-b731-6a9fdf0618ed,75000_ET,7f02bdf4-7381-44a3-b5ca-9b58b32305fc,crewHourly,CONSOLEUI,,Create
4fa95e66-f203-433a-a7ef-3fc383d82957,74f52948-fd4e-4bd5-b731-6a9fdf0618ed,75000_ET,2025-03-25T19:44:36,21613047-d48c-4549-9e0a-505a926d091e,116578,570cf829-9894-437d-b1b7-fa47d13935a8,726962,3808a5e3-0071-4b97-bac9-e675724cc2b9,MealBreakEnd,,,,,,,,2025-03-25T17:30:00,74f52948-fd4e-4bd5-b731-6a9fdf0618ed,75000_ET,7f02bdf4-7381-44a3-b5ca-9b58b32305fc,crewHourly,CONSOLEUI,,Create
407a6d68-6699-48eb-8b62-1714f696e1a4,74f52948-fd4e-4bd5-b731-6a9fdf0618ed,75000_ET,2025-03-25T19:44:36,21613047-d48c-4549-9e0a-505a926d091e,116578,570cf829-9894-437d-b1b7-fa47d13935a8,726962,941925db-51bc-42f8-8133-0393acab3739,MealBreakBegin,,,,,,,,2025-03-25T17:00:00,74f52948-fd4e-4bd5-b731-6a9fdf0618ed,75000_ET,7f02bdf4-7381-44a3-b5ca-9b58b32305fc,crewHourly,CONSOLEUI,,Create
4d2f1a51-d8d8-464b-a8d2-1ecb28587c0b,74f52948-fd4e-4bd5-b731-6a9fdf0618ed,75000_ET,2025-03-25T19:44:36,21613047-d48c-4549-9e0a-505a926d091e,116578,570cf829-9894-437d-b1b7-fa47d13935a8,726962,9c7ae11a-b911-4d54-8f1e-0746a07b9105,ShiftEnd,,,,,,,,2025-03-24T21:00:00,74f52948-fd4e-4bd5-b731-6a9fdf0618ed,75000_ET,7f02bdf4-7381-44a3-b5ca-9b58b32305fc,crewHourly,CONSOLEUI,,Create
e0f82069-e3cf-4dfa-aa92-2122c6183833,74f52948-fd4e-4bd5-b731-6a9fdf0618ed,75000_ET,2025-03-25T19:44:36,21613047-d48c-4549-9e0a-505a926d091e,116578,570cf829-9894-437d-b1b7-fa47d13935a8,726962,c9fd580e-141e-421f-afc6-dec9ed2afd24,ShiftBegin,,,,,,,,2025-03-25T13:00:00,74f52948-fd4e-4bd5-b731-6a9fdf0618ed,75000_ET,7f02bdf4-7381-44a3-b5ca-9b58b32305fc,crewHourly,CONSOLEUI,,Create
97b4a2d2-17fa-4880-9b56-8a2a9a1a87b0,24df1267-6b43-4337-8cd6-4286ca2b4df6,136,2025-03-31T14:13:29,Legion,,eb676a60-3a32-4376-8c56-5c59300c964a,108500,5341f8ba-2314-47a3-81fd-3588e92e1565,MealBreakBegin,,,,,,,,2025-03-31T14:15:00,24df1267-6b43-4337-8cd6-4286ca2b4df6,136,dea1be7d-d123-40ea-99b9-634fd714f6e3,management,AUTOMATIC_GENERATION,,Create
203399f8-2f33-4c6d-a55c-4e0bf27e9171,24df1267-6b43-4337-8cd6-4286ca2b4df6,136,2025-03-31T14:13:29,Legion,,eb676a60-3a32-4376-8c56-5c59300c964a,108500,5438f1a8-749f-4a1c-8e4f-91f20ff32988,MealBreakEnd,,,,,,,,2025-03-31T14:45:00,24df1267-6b43-4337-8cd6-4286ca2b4df6,136,dea1be7d-d123-40ea-99b9-634fd714f6e3,management,AUTOMATIC_GENERATION,,Create
2127570e-76c5-4b32-99f2-a93f9f1e6f0f,24df1267-6b43-4337-8cd6-4286ca2b4df6,136,2025-03-31T14:13:29,Legion,,eb676a60-3a32-4376-8c56-5c59300c964a,108500,5c1a5e46-01a0-4e1b-b022-6b610e2e282e,ShiftEnd,,,,,,,,2025-03-31T20:00:00,24df1267-6b43-4337-8cd6-4286ca2b4df6,136,dea1be7d-d123-40ea-99b9-634fd714f6e3,management,AUTOMATIC_GENERATION,,Create
afbd268c-4ba9-401f-b3e4-e680f33cf929,24df1267-6b43-4337-8cd6-4286ca2b4df6,136,2025-03-31T14:13:29,Legion,,eb676a60-3a32-4376-8c56-5c59300c964a,108500,cd0e2b8b-47ba-4c9c-8741-d9651ad99e40,ShiftBegin,,,,,,,,2025-03-31T12:00:00,24df1267-6b43-4337-8cd6-4286ca2b4df6,136,dea1be7d-d123-40ea-99b9-634fd714f6e3,management,AUTOMATIC_GENERATION,,Create
c1aa9b48-6f77-48c5-84d3-c9990151b871,c0f368a5-a49e-47f4-8911-4ab062639b78,73000_ET,2025-03-20T17:53:22,af452da8-fe56-4ed2-b1e3-cb7598eaf97b,827593,ec612db9-5b01-4b3b-abfa-bc652ba2403a,3453555,4c223747-cb9d-459e-9ebf-736fb4cedaa7,ShiftBegin,,,,,,,,2025-03-17T12:00:00,c0f368a5-a49e-47f4-8911-4ab062639b78,73000_ET,,,CONSOLEUI,,Create
913eadf3-759d-4342-95f9-169aa86ef993,c0f368a5-a49e-47f4-8911-4ab062639b78,73000_ET,2025-03-20T18:03:57,af452da8-fe56-4ed2-b1e3-cb7598eaf97b,827593,12555734-e5c7-4551-a8c7-c743df1aedbc,516417,7a9e05d7-7cb6-4b15-ab39-4e63e778e9af,MealBreakEnd,,,,,,,,2025-03-18T16:00:00,c0f368a5-a49e-47f4-8911-4ab062639b78,73000_ET,7f02bdf4-7381-44a3-b5ca-9b58b32305fc,crewHourly,CONSOLEUI,,Create
1a884ee6-afd8-4f29-acb4-d9006494dc6a,c0f368a5-a49e-47f4-8911-4ab062639b78,73000_ET,2025-03-20T17:53:22,af452da8-fe56-4ed2-b1e3-cb7598eaf97b,827593,ec612db9-5b01-4b3b-abfa-bc652ba2403a,3453555,89a46c1a-1bb1-4cd1-84cf-45054f50b92c,ShiftEnd,,,,,,,,2025-03-17T22:00:00,c0f368a5-a49e-47f4-8911-4ab062639b78,73000_ET,,,CONSOLEUI,,Create
a5712190-24fb-4c82-a20a-bed2e24d36cf,c0f368a5-a49e-47f4-8911-4ab062639b78,73000_ET,2025-03-20T17:53:22,af452da8-fe56-4ed2-b1e3-cb7598eaf97b,827593,ec612db9-5b01-4b3b-abfa-bc652ba2403a,3453555,8a752c1a-4b75-4c70-bbcc-585fa047ee2a,MealBreakEnd,,,,,,,,2025-03-17T17:30:00,c0f368a5-a49e-47f4-8911-4ab062639b78,73000_ET,,,CONSOLEUI,,Create
6ec58a9b-11ea-4d7a-a0eb-f3044e45370e,c0f368a5-a49e-47f4-8911-4ab062639b78,73000_ET,2025-03-20T17:53:22,af452da8-fe56-4ed2-b1e3-cb7598eaf97b,827593,ec612db9-5b01-4b3b-abfa-bc652ba2403a,3453555,94341f73-05f4-4f15-8388-d644d7b4cec1,MealBreakBegin,,,,,,,,2025-03-17T17:00:00,c0f368a5-a49e-47f4-8911-4ab062639b78,73000_ET,,,CONSOLEUI,,Create
266e0fd2-e71a-41cd-813a-c06608d71886,c0f368a5-a49e-47f4-8911-4ab062639b78,73000_ET,2025-03-20T18:03:57,af452da8-fe56-4ed2-b1e3-cb7598eaf97b,827593,12555734-e5c7-4551-a8c7-c743df1aedbc,516417,99519da2-94b4-4a1a-98d3-3f54c2f2dcbd,MealBreakBegin,,,,,,,,2025-03-18T15:00:00,c0f368a5-a49e-47f4-8911-4ab062639b78,73000_ET,7f02bdf4-7381-44a3-b5ca-9b58b32305fc,crewHourly,CONSOLEUI,,Create
433861a0-c9d2-46cf-b8da-286d8755df75,c0f368a5-a49e-47f4-8911-4ab062639b78,73000_ET,2025-03-20T18:03:57,af452da8-fe56-4ed2-b1e3-cb7598eaf97b,827593,12555734-e5c7-4551-a8c7-c743df1aedbc,516417,d34a2bb5-fd9a-4493-97a3-6451e3eb6d1d,ShiftBegin,,,,,,,,2025-03-18T09:00:00,c0f368a5-a49e-47f4-8911-4ab062639b78,73000_ET,7f02bdf4-7381-44a3-b5ca-9b58b32305fc,crewHourly,CONSOLEUI,,Create
46a927cf-176b-40ec-a2a0-b1c82e83ba6d,c0f368a5-a49e-47f4-8911-4ab062639b78,73000_ET,2025-03-20T18:03:57,af452da8-fe56-4ed2-b1e3-cb7598eaf97b,827593,12555734-e5c7-4551-a8c7-c743df1aedbc,516417,df4a7b68-3a93-4e59-a194-b0b1e4e9ae32,ShiftEnd,,,,,,,,2025-03-18T20:00:00,c0f368a5-a49e-47f4-8911-4ab062639b78,73000_ET,7f02bdf4-7381-44a3-b5ca-9b58b32305fc,crewHourly,CONSOLEUI,,Create
116b9db3-a295-42f4-b791-14d2f6b5a2e4,9a6ff6ca-6188-498f-a550-b94fe4adf51d,72014,2025-03-31T14:13:31,Legion,,20161128-edc1-497b-9006-4ea6e0b9ff27,722142,5b542634-4108-4796-a0eb-64bacffedc4c,MealBreakEnd,,,,,,,,2025-03-31T15:30:00,9a6ff6ca-6188-498f-a550-b94fe4adf51d,72014,7f02bdf4-7381-44a3-b5ca-9b58b32305fc,crewHourly,AUTOMATIC_GENERATION,,Create
c6eb5555-351c-4636-96c2-974e9d1f8832,9a6ff6ca-6188-498f-a550-b94fe4adf51d,72014,2025-03-31T14:13:31,Legion,,20161128-edc1-497b-9006-4ea6e0b9ff27,722142,96af1588-7aff-4077-ac70-3b685a9c6ff8,ShiftBegin,,,,,,,,2025-03-31T10:00:00,9a6ff6ca-6188-498f-a550-b94fe4adf51d,72014,7f02bdf4-7381-44a3-b5ca-9b58b32305fc,crewHourly,AUTOMATIC_GENERATION,,Create
68d450ed-bcfa-4a8a-beb9-757c6f81a068,9a6ff6ca-6188-498f-a550-b94fe4adf51d,72014,2025-03-31T14:13:31,Legion,,20161128-edc1-497b-9006-4ea6e0b9ff27,722142,996169bb-2a1c-4b31-bcd9-8824ccd26c8c,ShiftEnd,,,,,,,,2025-03-31T16:00:00,9a6ff6ca-6188-498f-a550-b94fe4adf51d,72014,7f02bdf4-7381-44a3-b5ca-9b58b32305fc,crewHourly,AUTOMATIC_GENERATION,,Create
efe0a027-759b-4167-9eda-3b576ce17c03,9a6ff6ca-6188-498f-a550-b94fe4adf51d,72014,2025-03-31T14:13:31,Legion,,20161128-edc1-497b-9006-4ea6e0b9ff27,722142,f4629fe3-f1ee-490e-8e0a-51f154db85cb,MealBreakBegin,,,,,,,,2025-03-31T15:00:00,9a6ff6ca-6188-498f-a550-b94fe4adf51d,72014,7f02bdf4-7381-44a3-b5ca-9b58b32305fc,crewHourly,AUTOMATIC_GENERATION,,Create
f078e713-759f-4d72-9e0b-1d30b024331b,a23ad7d9-3d96-4d62-95e6-13a135dc3d11,99250_ET,2025-03-20T18:46:22,af452da8-fe56-4ed2-b1e3-cb7598eaf97b,827593,8f269a04-3a07-4031-8bbd-a1c662573055,8999902,5e72bfdd-e013-4953-9696-28bf9c3d8919,ShiftBegin,,,,,,,,2025-03-18T12:30:00,a23ad7d9-3d96-4d62-95e6-13a135dc3d11,99250_ET,7f02bdf4-7381-44a3-b5ca-9b58b32305fc,crewHourly,CONSOLEUI,,Create
7aa6b7b0-f7b6-46d8-9baf-a69b592e950c,a23ad7d9-3d96-4d62-95e6-13a135dc3d11,99250_ET,2025-03-20T18:46:22,af452da8-fe56-4ed2-b1e3-cb7598eaf97b,827593,8f269a04-3a07-4031-8bbd-a1c662573055,8999902,7b8a23a4-d5c7-45de-be10-19e428da0817,MealBreakBegin,,,,,,,,2025-03-18T15:00:00,a23ad7d9-3d96-4d62-95e6-13a135dc3d11,99250_ET,7f02bdf4-7381-44a3-b5ca-9b58b32305fc,crewHourly,CONSOLEUI,,Create
fb7db0fa-03a1-4335-89a7-4c3db1014e91,a23ad7d9-3d96-4d62-95e6-13a135dc3d11,99250_ET,2025-03-20T18:46:22,af452da8-fe56-4ed2-b1e3-cb7598eaf97b,827593,8f269a04-3a07-4031-8bbd-a1c662573055,8999902,a3e06a0b-d2b3-4175-8b74-e7b10ae3287f,ShiftEnd,,,,,,,,2025-03-18T21:00:00,a23ad7d9-3d96-4d62-95e6-13a135dc3d11,99250_ET,7f02bdf4-7381-44a3-b5ca-9b58b32305fc,crewHourly,CONSOLEUI,,Create
3f4caaf7-b276-4415-9ed0-f902443cf889,a23ad7d9-3d96-4d62-95e6-13a135dc3d11,99250_ET,2025-03-20T18:46:22,af452da8-fe56-4ed2-b1e3-cb7598eaf97b,827593,8f269a04-3a07-4031-8bbd-a1c662573055,8999902,fd47744c-af38-457e-b878-77d4a496e442,MealBreakEnd,,,,,,,,2025-03-18T15:45:00,a23ad7d9-3d96-4d62-95e6-13a135dc3d11,99250_ET,7f02bdf4-7381-44a3-b5ca-9b58b32305fc,crewHourly,CONSOLEUI,,Create
60a05b37-f286-4dda-91be-f1c5dbb36acc,eb7e4b2e-002f-491d-ab73-5333ec0c07a0,8177,2025-03-31T15:57:41,4c297ef9-1139-408a-8e86-5202097431bd,,4b9de0af-8435-447e-99e7-d77c66837c64,795552,164ca463-deff-4397-95b9-231a512a6390,ShiftEnd,,,,,,,,2025-03-28T20:00:00,eb7e4b2e-002f-491d-ab73-5333ec0c07a0,8177,43bb0d3c-8bf5-44e7-94c9-96dc49e2ec52,crew,CONSOLEUI,,Create
05b6190d-7ab4-4fef-9433-3cefc127afa5,eb7e4b2e-002f-491d-ab73-5333ec0c07a0,8177,2025-03-31T15:57:24,Legion,,4b9de0af-8435-447e-99e7-d77c66837c64,795552,1ba82c26-4cac-49e5-baee-4a4fd9d7991d,TransitionIn,,,,,,,,2025-03-28T16:00:00,eb7e4b2e-002f-491d-ab73-5333ec0c07a0,8177,43bb0d3c-8bf5-44e7-94c9-96dc49e2ec52,crew,AUTOMATIC_GENERATION,,Create
2a6dcdd8-34ca-45ca-8ed7-e22143db8607,eb7e4b2e-002f-491d-ab73-5333ec0c07a0,8177,2025-03-31T15:57:24,Legion,,4b9de0af-8435-447e-99e7-d77c66837c64,795552,1ee87341-ec1b-46c1-8903-19600999a7cd,TransitionOut,,,,,,,,2025-03-28T16:00:00,eb7e4b2e-002f-491d-ab73-5333ec0c07a0,8177,9bc14d17-92d0-497b-9ac8-10419b51332e,setup,AUTOMATIC_GENERATION,,Create
f1832db1-3cf6-4a40-833c-e9d4edfd65db,eb7e4b2e-002f-491d-ab73-5333ec0c07a0,8177,2025-03-31T15:59:19,4c297ef9-1139-408a-8e86-5202097431bd,,4b9de0af-8435-447e-99e7-d77c66837c64,795552,2c8d8815-0be1-4d4d-bbe9-86dadcf26a2e,TransitionOut,,,,,,,,2025-03-27T15:00:00,eb7e4b2e-002f-491d-ab73-5333ec0c07a0,8177,7e74c3b7-22fa-4178-acee-24b510e53a55,storeAssetProtection,CONSOLEUI,,Create
88e72ed4-55e3-4ce5-8ec9-4f36cda1524d,eb7e4b2e-002f-491d-ab73-5333ec0c07a0,8177,2025-03-31T15:59:19,4c297ef9-1139-408a-8e86-5202097431bd,,4b9de0af-8435-447e-99e7-d77c66837c64,795552,334d937c-9860-4614-ac59-0492fdf6769d,ShiftEnd,,,,,,,,2025-03-27T20:00:00,eb7e4b2e-002f-491d-ab73-5333ec0c07a0,8177,43bb0d3c-8bf5-44e7-94c9-96dc49e2ec52,crew,CONSOLEUI,,Create
f12f1819-23ce-49d0-8709-c6f4e76bba9d,eb7e4b2e-002f-491d-ab73-5333ec0c07a0,8177,2025-03-31T15:38:40,Legion,,4b9de0af-8435-447e-99e7-d77c66837c64,795552,38fdcaeb-b552-48c0-b73e-96ba8cdd8633,TransitionOut,,,,,,,,2025-03-24T15:00:00,eb7e4b2e-002f-491d-ab73-5333ec0c07a0,8177,7e74c3b7-22fa-4178-acee-24b510e53a55,storeAssetProtection,AUTOMATIC_GENERATION,,Create
a07f306d-9b02-400f-a1c1-0170da71bd41,eb7e4b2e-002f-491d-ab73-5333ec0c07a0,8177,2025-03-31T15:59:19,4c297ef9-1139-408a-8e86-5202097431bd,,4b9de0af-8435-447e-99e7-d77c66837c64,795552,3e537e1f-446d-4f69-a554-5883ad7ba142,TransitionIn,,,,,,,,2025-03-27T15:00:00,eb7e4b2e-002f-491d-ab73-5333ec0c07a0,8177,9bc14d17-92d0-497b-9ac8-10419b51332e,setup,CONSOLEUI,,Create
1b15155a-1e04-44dd-9a31-388b5be5b6c9,eb7e4b2e-002f-491d-ab73-5333ec0c07a0,8177,2025-03-31T15:59:19,4c297ef9-1139-408a-8e86-5202097431bd,,4b9de0af-8435-447e-99e7-d77c66837c64,795552,3e63e02f-4da8-442e-b0ac-9a708ca53923,TransitionOut,,,,,,,,2025-03-27T16:00:00,eb7e4b2e-002f-491d-ab73-5333ec0c07a0,8177,9bc14d17-92d0-497b-9ac8-10419b51332e,setup,CONSOLEUI,,Create
0e9886d5-4910-434c-a180-af6991069bcc,eb7e4b2e-002f-491d-ab73-5333ec0c07a0,8177,2025-03-31T15:38:40,Legion,,4b9de0af-8435-447e-99e7-d77c66837c64,795552,4d513c93-f335-4d3d-b110-55678d4b036f,TransitionIn,,,,,,,,2025-03-24T15:00:00,eb7e4b2e-002f-491d-ab73-5333ec0c07a0,8177,9bc14d17-92d0-497b-9ac8-10419b51332e,setup,AUTOMATIC_GENERATION,,Create
5e7d1846-186d-4401-97ed-8dc482200c9b,eb7e4b2e-002f-491d-ab73-5333ec0c07a0,8177,2025-03-31T15:38:40,Legion,,4b9de0af-8435-447e-99e7-d77c66837c64,795552,634a0d6b-343a-4973-aad1-1c12fb21a7f6,TransitionOut,,,,,,,,2025-03-24T16:00:00,eb7e4b2e-002f-491d-ab73-5333ec0c07a0,8177,9bc14d17-92d0-497b-9ac8-10419b51332e,setup,AUTOMATIC_GENERATION,,Create
e200e756-994f-40ee-87ca-72c1a79d595f,eb7e4b2e-002f-491d-ab73-5333ec0c07a0,8177,2025-03-31T15:57:24,4c297ef9-1139-408a-8e86-5202097431bd,,4b9de0af-8435-447e-99e7-d77c66837c64,795552,7b8b516c-0910-45a3-8004-c419c2656da8,ShiftBegin,,,,,,,,2025-03-28T13:00:00,eb7e4b2e-002f-491d-ab73-5333ec0c07a0,8177,7e74c3b7-22fa-4178-acee-24b510e53a55,storeAssetProtection,CONSOLEUI,,Create
5f4b6942-568c-4e13-8f32-24700f326e1d,eb7e4b2e-002f-491d-ab73-5333ec0c07a0,8177,2025-03-31T15:59:19,4c297ef9-1139-408a-8e86-5202097431bd,,4b9de0af-8435-447e-99e7-d77c66837c64,795552,8697fa27-1cb5-472e-966d-342644a86b3c,ShiftBegin,,,,,,,,2025-03-27T13:00:00,eb7e4b2e-002f-491d-ab73-5333ec0c07a0,8177,7e74c3b7-22fa-4178-acee-24b510e53a55,storeAssetProtection,CONSOLEUI,,Create
46ffc132-e6ce-4a5b-91aa-971a7d289811,eb7e4b2e-002f-491d-ab73-5333ec0c07a0,8177,2025-03-31T15:38:40,4c297ef9-1139-408a-8e86-5202097431bd,,4b9de0af-8435-447e-99e7-d77c66837c64,795552,89c4f80a-a109-42d4-ace5-d643a83ca95f,ShiftBegin,,,,,,,,2025-03-24T13:00:00,eb7e4b2e-002f-491d-ab73-5333ec0c07a0,8177,7e74c3b7-22fa-4178-acee-24b510e53a55,storeAssetProtection,CONSOLEUI,,Create
5ec71a40-3198-49c0-9b25-f84d084e71c2,eb7e4b2e-002f-491d-ab73-5333ec0c07a0,8177,2025-03-31T15:59:19,4c297ef9-1139-408a-8e86-5202097431bd,,4b9de0af-8435-447e-99e7-d77c66837c64,795552,b91da28e-9219-470f-976a-b9f30551888c,TransitionIn,,,,,,,,2025-03-27T16:00:00,eb7e4b2e-002f-491d-ab73-5333ec0c07a0,8177,43bb0d3c-8bf5-44e7-94c9-96dc49e2ec52,crew,CONSOLEUI,,Create
139bc881-eb17-4afa-9763-9ee6ac844e6b,eb7e4b2e-002f-491d-ab73-5333ec0c07a0,8177,2025-03-31T15:38:40,Legion,,4b9de0af-8435-447e-99e7-d77c66837c64,795552,b98afb18-6090-492b-9501-73386cbfab43,TransitionIn,,,,,,,,2025-03-24T16:00:00,eb7e4b2e-002f-491d-ab73-5333ec0c07a0,8177,43bb0d3c-8bf5-44e7-94c9-96dc49e2ec52,crew,AUTOMATIC_GENERATION,,Create
42ace99b-757e-4ccb-99a7-e36053737b0f,eb7e4b2e-002f-491d-ab73-5333ec0c07a0,8177,2025-03-31T15:57:24,Legion,,4b9de0af-8435-447e-99e7-d77c66837c64,795552,e6452eb4-a9b7-404d-b491-a57a62a172fa,TransitionOut,,,,,,,,2025-03-28T15:00:00,eb7e4b2e-002f-491d-ab73-5333ec0c07a0,8177,7e74c3b7-22fa-4178-acee-24b510e53a55,storeAssetProtection,AUTOMATIC_GENERATION,,Create
5cc55f13-e80b-4107-908e-b4739ad5aba8,eb7e4b2e-002f-491d-ab73-5333ec0c07a0,8177,2025-03-31T15:57:24,Legion,,4b9de0af-8435-447e-99e7-d77c66837c64,795552,f258d341-e817-47d6-ad01-72600e207109,TransitionIn,,,,,,,,2025-03-28T15:00:00,eb7e4b2e-002f-491d-ab73-5333ec0c07a0,8177,9bc14d17-92d0-497b-9ac8-10419b51332e,setup,AUTOMATIC_GENERATION,,Create
4885109f-f8b0-4774-a5c4-5ed3df010778,eb7e4b2e-002f-491d-ab73-5333ec0c07a0,8177,2025-03-31T15:38:52,4c297ef9-1139-408a-8e86-5202097431bd,,4b9de0af-8435-447e-99e7-d77c66837c64,795552,f5ae0056-3b56-4354-8a33-bdc212ea5272,ShiftEnd,,,,,,,,2025-03-24T20:00:00,eb7e4b2e-002f-491d-ab73-5333ec0c07a0,8177,43bb0d3c-8bf5-44e7-94c9-96dc49e2ec52,crew,CONSOLEUI,,Create
92a85a71-a4f0-45c0-bf2b-66799d254ece,eb7e4b2e-002f-491d-ab73-5333ec0c07a0,8177,2025-03-31T14:34:17,4c297ef9-1139-408a-8e86-5202097431bd,,e1359b8d-a3f2-4bd6-8ca5-696ff98dea8e,538411,329df2bc-c4d5-4f95-af5d-def25132a012,ShiftBegin,,,,,,,,2025-03-31T13:00:00,eb7e4b2e-002f-491d-ab73-5333ec0c07a0,8177,43bb0d3c-8bf5-44e7-94c9-96dc49e2ec52,crew,CONSOLEUI,,Create
e364ad95-3303-4dfd-aa80-f371dabd81a4,eb7e4b2e-002f-491d-ab73-5333ec0c07a0,8177,2025-03-31T14:34:17,Legion,,e1359b8d-a3f2-4bd6-8ca5-696ff98dea8e,538411,4e41d16f-a99b-43de-98a5-c06cf8bb2ea7,TransitionOut,,,,,,,,2025-03-31T15:00:00,eb7e4b2e-002f-491d-ab73-5333ec0c07a0,8177,43bb0d3c-8bf5-44e7-94c9-96dc49e2ec52,crew,AUTOMATIC_GENERATION,,Create
cf7e9f5e-c8ed-4a4a-8414-b7393ea84e9a,eb7e4b2e-002f-491d-ab73-5333ec0c07a0,8177,2025-03-31T14:31:05,Legion,,e9ca4c75-734e-4136-aa96-010cd844f022,789875,882b582a-ac7d-42b8-ab46-56f0e26b5be0,MealBreakBegin,,,,,,,,2025-03-31T16:30:00,eb7e4b2e-002f-491d-ab73-5333ec0c07a0,8177,dea1be7d-d123-40ea-99b9-634fd714f6e3,management,AUTOMATIC_GENERATION,,Create
496bf320-5f17-4a1d-8bb2-8337508473e2,eb7e4b2e-002f-491d-ab73-5333ec0c07a0,8177,2025-03-31T14:34:17,Legion,,e1359b8d-a3f2-4bd6-8ca5-696ff98dea8e,538411,88ad7baf-eed0-4dc1-80c8-91f90219d291,TransitionIn,,,,,,,,2025-03-31T18:00:00,eb7e4b2e-002f-491d-ab73-5333ec0c07a0,8177,5866b493-c847-4238-98b2-23315326742b,inventory,AUTOMATIC_GENERATION,,Create
28552c59-876e-41b4-95e4-fa15299c71c2,eb7e4b2e-002f-491d-ab73-5333ec0c07a0,8177,2025-03-31T14:31:05,Legion,,e9ca4c75-734e-4136-aa96-010cd844f022,789875,b2697c62-18e1-44b0-80ef-98130616fda7,ShiftEnd,,,,,,,,2025-03-31T21:30:00,eb7e4b2e-002f-491d-ab73-5333ec0c07a0,8177,dea1be7d-d123-40ea-99b9-634fd714f6e3,management,AUTOMATIC_GENERATION,,Create
fc32c026-4f38-40f5-b091-c06d86bcd087,eb7e4b2e-002f-491d-ab73-5333ec0c07a0,8177,2025-03-31T14:31:05,Legion,,e9ca4c75-734e-4136-aa96-010cd844f022,789875,c1c2228d-ff16-4caa-987a-ef2cc8ead859,ShiftBegin,,,,,,,,2025-03-31T12:00:00,eb7e4b2e-002f-491d-ab73-5333ec0c07a0,8177,dea1be7d-d123-40ea-99b9-634fd714f6e3,management,AUTOMATIC_GENERATION,,Create
445999c1-20b2-45ee-928b-a34a2fa0128b,eb7e4b2e-002f-491d-ab73-5333ec0c07a0,8177,2025-03-31T14:34:17,Legion,,e1359b8d-a3f2-4bd6-8ca5-696ff98dea8e,538411,c86c190d-dee5-4f62-8369-4d4a848b9f21,TransitionIn,,,,,,,,2025-03-31T15:00:00,eb7e4b2e-002f-491d-ab73-5333ec0c07a0,8177,13769782-f035-4816-ab0f-bbd8a4b35e69,remodel,AUTOMATIC_GENERATION,,Create
c93bb7d3-a183-4a92-a50b-39eb9a461b12,eb7e4b2e-002f-491d-ab73-5333ec0c07a0,8177,2025-03-31T14:31:05,Legion,,e9ca4c75-734e-4136-aa96-010cd844f022,789875,d4fcd23e-a2e8-48d5-8cee-4c28c694c650,MealBreakEnd,,,,,,,,2025-03-31T17:00:00,eb7e4b2e-002f-491d-ab73-5333ec0c07a0,8177,dea1be7d-d123-40ea-99b9-634fd714f6e3,management,AUTOMATIC_GENERATION,,Create
96a9e5cc-8467-4111-a569-70d69b58c93e,eb7e4b2e-002f-491d-ab73-5333ec0c07a0,8177,2025-03-31T14:34:17,Legion,,e1359b8d-a3f2-4bd6-8ca5-696ff98dea8e,538411,f2e29caa-224c-4d85-81be-7a604a9796f9,TransitionOut,,,,,,,,2025-03-31T18:00:00,eb7e4b2e-002f-491d-ab73-5333ec0c07a0,8177,13769782-f035-4816-ab0f-bbd8a4b35e69,remodel,AUTOMATIC_GENERATION,,Create
65bf84f6-2439-4459-8c08-8fa3f749ec9f,36ccb8ad-9bb0-46ee-9d5f-75f6236bb64b,1446,2025-03-18T16:10:32,0130db5e-7ec9-4123-9740-0d81e9c9b75c,827160,bddc6328-23dd-41d0-b579-34289150ac57,801738,085e23f3-0819-4e1f-81a0-6c1bc87a92b1,MealBreakBegin,,,,,,,,2025-03-17T16:00:00,36ccb8ad-9bb0-46ee-9d5f-75f6236bb64b,1446,dea1be7d-d123-40ea-99b9-634fd714f6e3,management,CONSOLEUI,,Create
15e07879-963a-460d-b11d-514c69e81097,36ccb8ad-9bb0-46ee-9d5f-75f6236bb64b,1446,2025-03-18T16:10:32,0130db5e-7ec9-4123-9740-0d81e9c9b75c,827160,bddc6328-23dd-41d0-b579-34289150ac57,801738,184b21ca-d720-4b66-8243-aabe284a0dc9,MealBreakEnd,,,,,,,,2025-03-17T16:30:00,36ccb8ad-9bb0-46ee-9d5f-75f6236bb64b,1446,dea1be7d-d123-40ea-99b9-634fd714f6e3,management,CONSOLEUI,,Create
84f38555-6911-4f02-b789-c0a0f35b9846,36ccb8ad-9bb0-46ee-9d5f-75f6236bb64b,1446,2025-03-18T16:10:44,0130db5e-7ec9-4123-9740-0d81e9c9b75c,827160,bddc6328-23dd-41d0-b579-34289150ac57,801738,93337384-51dd-490e-9cd5-79a8c0098018,ShiftEnd,2025-03-17T22:00:00,36ccb8ad-9bb0-46ee-9d5f-75f6236bb64b,1446,dea1be7d-d123-40ea-99b9-634fd714f6e3,management,CONSOLEUI,,2025-03-17T22:30:00,36ccb8ad-9bb0-46ee-9d5f-75f6236bb64b,1446,dea1be7d-d123-40ea-99b9-634fd714f6e3,management,CONSOLEUI,,ApproveReject
365290cb-f3d8-46b1-ae96-b9eb77fe9f75,36ccb8ad-9bb0-46ee-9d5f-75f6236bb64b,1446,2025-03-18T16:10:32,0130db5e-7ec9-4123-9740-0d81e9c9b75c,827160,bddc6328-23dd-41d0-b579-34289150ac57,801738,d483c351-04b7-463f-9a40-de103c33251e,ShiftBegin,,,,,,,,2025-03-17T13:00:00,36ccb8ad-9bb0-46ee-9d5f-75f6236bb64b,1446,dea1be7d-d123-40ea-99b9-634fd714f6e3,management,CONSOLEUI,,Create
89643718-e95b-442e-8ca4-7b68985f529e,36ccb8ad-9bb0-46ee-9d5f-75f6236bb64b,1446,2025-03-18T16:10:32,0130db5e-7ec9-4123-9740-0d81e9c9b75c,827160,bddc6328-23dd-41d0-b579-34289150ac57,801738,dd3ad061-e9ff-4840-ade1-9d873a36cca0,ShiftEnd,,,,,,,,2025-03-17T22:00:00,36ccb8ad-9bb0-46ee-9d5f-75f6236bb64b,1446,dea1be7d-d123-40ea-99b9-634fd714f6e3,management,CONSOLEUI,,Create
